Section,Subsection,Category,Key Concept,Description,Details,Status
Metadata,,,Version,1.0.0,,
Metadata,,,Date,October 18 2025,,
Metadata,,,Status,Conceptual Foundation,,
Executive Summary,,,Core Definition,Glimpse as middleware compass,"Navigates between Understanding (Input) and Action (Output), ensuring accuracy and seamless transitions",
I. Philosophical Foundation,The Governing Forces Principle,Input Spectrum,Understanding & Research,"Information gathering, context analysis, pattern recognition, epistemic exploration, semantic reasoning",,
I. Philosophical Foundation,The Governing Forces Principle,Output Spectrum,Action & Development,"Code generation, system modifications, implementation, deployment, artifact creation",,
I. Philosophical Foundation,The Governing Forces Principle,Challenge,Context Loss,"Discrete disconnected phases, misalignment between intent and execution, inefficient iterations",,
I. Philosophical Foundation,The Governing Forces Principle,Solution,Glimpse as Middleware Compass,Bridges the gap between understanding and action,,
II. Glimpse's Role,Compass Metaphor,Function,Orients,Determines which mode (input/output) is appropriate for current context,,
II. Glimpse's Role,Compass Metaphor,Function,Navigates,Routes requests to appropriate platform or hybrid approach,,
II. Glimpse's Role,Compass Metaphor,Function,Calibrates,Ensures alignment between understanding and action,,
II. Glimpse's Role,Compass Metaphor,Function,Streamlines,Reduces friction in transitions between modes,,
II. Glimpse's Role,Core Functions,Component,Routing,Decision logic for platform selection,,
II. Glimpse's Role,Core Functions,Component,Calibration,Alignment checking between modes,,
II. Glimpse's Role,Core Functions,Component,Translation,Context preservation across boundaries,,
II. Glimpse's Role,Core Functions,Component,Metrics,Flow and accuracy measurement,,
III. Architectural Positioning,Current Ecosystem,Platform,Echoes (E:\),"Knowledge graphs, trajectory optimization (69/69 tests), AI orchestration, multi-agent collaboration",Input/Understanding Mode,Production
III. Architectural Positioning,Current Ecosystem,Platform,TurboBookshelf (D:\),"Bias detection (10 patterns), creative engines, web interface (Flask), database (SQLite/SQLAlchemy)",Output/Action Mode,Production
III. Architectural Positioning,Current Ecosystem,Platform,Glimpse (D:\realtime),"Unified API Gateway v2.0.0, health monitoring, cross-platform bridge",Middleware/Navigation,Production
III. Architectural Positioning,Integration Flow,Step 1,Analyze Intent,"Research query → Echoes, Development task → Turbo, Hybrid → Orchestrate both",,
III. Architectural Positioning,Integration Flow,Step 2,Preserve Context,Maintain semantic continuity across platforms,,
III. Architectural Positioning,Integration Flow,Step 3,Execute & Monitor,Track accuracy metrics and flow efficiency,,
III. Architectural Positioning,Integration Flow,Step 4,Return Unified Response,Coherent output regardless of backend,,
IV. Design Principles,Principle 1,Core,Ontological Alignment,"Meaning remains consistent across known↔unknown, research↔development, human↔machine",,
IV. Design Principles,Principle 2,Core,Context Preservation,"Maintains semantic context (meaning), historical context (provenance), intentional context (goal)",,
IV. Design Principles,Principle 3,Core,Adaptive Routing,"Pure research → Echoes, Pure development → Turbo, Hybrid → Orchestrated, Ambiguous → Guided exploration",,
IV. Design Principles,Principle 4,Core,Measurable Improvement,Tracks accuracy (intent-output match) and flow (efficiency),,
IV. Design Principles,Metrics,Accuracy,Semantic Similarity,How well output matches intent,,
IV. Design Principles,Metrics,Accuracy,Bias Detection Scores,Quality validation,,
IV. Design Principles,Metrics,Accuracy,Knowledge Graph Validation,Consistency checking,,
IV. Design Principles,Metrics,Flow,Transition Latency,Speed of research → development handoff,,
IV. Design Principles,Metrics,Flow,Context Preservation Rate,Percentage of semantic continuity maintained,,
IV. Design Principles,Metrics,Flow,Iteration Reduction,Fewer back-and-forth cycles required,,
V. Real-World Application,Implementation Status,Phase 1,Foundation - Complete,"Unified API Gateway operational, health monitoring (200 OK), cross-platform bridge, CORS middleware",,Complete
V. Real-World Application,Implementation Status,Phase 2,Compass Logic - In Design,"Intent analysis module, routing decision engine, context preservation layer, metrics collection",,In Progress
V. Real-World Application,Implementation Status,Phase 3,Optimization - Planned,"ML intent classification, adaptive routing, predictive context injection, real-time optimization",,Planned
V. Real-World Application,Use Case Comparison,Without Glimpse,Manual Process,"4 manual steps: Query Echoes → Export → Feed to Turbo → Compile report, Context loss between steps",,
V. Real-World Application,Use Case Comparison,With Glimpse,Automated Process,"1 request → Seamless execution → Preserved context, 7 automated steps orchestrated by Glimpse",,
VI. Theoretical Grounding,Communication Evolution,Stage 1,Translation (1950s-2000s),"One-way human→machine, rigid syntax, mechanical parsing",,
VI. Theoretical Grounding,Communication Evolution,Stage 2,Integration (2000s-2020s),"Multimodal adaptation, NLP, affective computing",,
VI. Theoretical Grounding,Communication Evolution,Stage 3,Synthesis (2020s-Present),"Humans as biological bridges, ontological alignment, seamless known↔unknown navigation",Glimpse operates here,
VI. Theoretical Grounding,API Redefinition,Concept,Alternate Platform Integration,"Platforms = modes of understanding, Integration = meaning preservation, Human-centric approach",,
VII. Future Vision,Timeline,Short-Term,1-3 Months,"Intent classification, routing logic, baseline metrics",,
VII. Future Vision,Timeline,Medium-Term,3-6 Months,"ML models for routing, predictive context injection, external knowledge integration",,
VII. Future Vision,Timeline,Long-Term,6-12 Months,"Autonomous calibration, multi-dimensional ontological mapping, evolutionary adaptation",,
VII. Future Vision,Ultimate Vision,Goal,Human Integration,"Transform humans from passive observers to active integrators bridging empirical science and undiscovered realities",,
VIII. Technical Specifications,API Endpoints,Endpoint,POST /api/v1/compass/navigate,"Input: request + context, Output: route + confidence + execution_plan + accuracy + flow_time",,
VIII. Technical Specifications,API Endpoints,Endpoint,GET /api/v1/compass/metrics,"Output: accuracy metrics (mean/std_dev/trend), flow metrics (latency/preservation/iteration_reduction)",,
VIII. Technical Specifications,Configuration,Routing,Intent Threshold,0.8 confidence required for auto-routing,,
VIII. Technical Specifications,Configuration,Routing,Hybrid Detection,Enabled,,
VIII. Technical Specifications,Configuration,Routing,Fallback Mode,Guided exploration,,
VIII. Technical Specifications,Configuration,Context,Preservation Depth,5 prior interactions maintained,,
VIII. Technical Specifications,Configuration,Context,Semantic Compression,Enabled,,
VIII. Technical Specifications,Configuration,Context,Ontology Mapping,Adaptive,,
VIII. Technical Specifications,Configuration,Metrics,Accuracy Tracking,Enabled,,
VIII. Technical Specifications,Configuration,Metrics,Flow Monitoring,Enabled,,
VIII. Technical Specifications,Configuration,Metrics,Reporting Interval,1 hour,,
VIII. Technical Specifications,Configuration,Platforms,Echoes Root,E:/Projects/Development,Priority: Research,
VIII. Technical Specifications,Configuration,Platforms,Turbo Root,D:/realtime/turbobookshelf,Priority: Development,
IX. Success Criteria,Metric,Target,Accuracy Improvement,≥20% reduction in intent-execution misalignment,,
IX. Success Criteria,Metric,Target,Flow Optimization,≥30% reduction in manual transition steps,,
IX. Success Criteria,Metric,Target,Context Preservation,≥90% semantic continuity across platform boundaries,,
IX. Success Criteria,Metric,Target,User Satisfaction,Seamless experience with minimal cognitive overhead,,
IX. Success Criteria,Metric,Target,Scalability,100+ requests/minute with <2s latency,,
X. Conclusion,Core Purpose,Summary,Navigation Compass,"Governs forces managing communication between understanding and action, ensures right mode engagement, seamless context flow, continuous improvement",,
X. Conclusion,Core Purpose,Philosophy,Universal Framework,"Bridges different planes of understanding: known↔unknown, thought↔action, research↔reality",,
References,Documentation,File,overview.txt,Conceptual foundation,,
References,Documentation,File,goals mission and vision.txt,Strategic direction,,
References,Documentation,File,proposition.txt,Integration architecture,,
References,Documentation,File,unified_gateway.py,Current implementation v2.0.0,,
References,Documentation,File,HEALTH_MONITOR_README.md,Production monitoring system,,
