title,phase,status,priority,owner,start_date,due_date,progress,objective
"Biomedical Research Search Integration","Execution","Not Started","High","Science Team","2024-10-01","2024-11-15",0,"Implement PubMed API integration with peer-review validation"
"Employment Opportunity Matcher","Execution","Not Started","High","Commerce Team","2024-10-01","2024-11-15",0,"Create semantic skill matching algorithm"
"Artisan Marketplace Connector","Execution","Not Started","High","Commerce Team","2024-10-01","2024-11-15",0,"Build MVP connector for creative marketplaces"
"Privacy Filters Implementation","Execution","Not Started","High","Security Team","2024-10-01","2024-11-15",0,"Deploy PII redaction and anonymization"
"Database Persistence Layer","Execution","Not Started","Medium","Infrastructure Team","2024-10-01","2024-11-15",0,"Set up PostgreSQL with data models"
"Provenance Enforcement Middleware","Stabilisation","Completed","High","Security Team","2024-09-01","2024-09-30",100,"Implement mandatory source validation"
"Human-in-the-Loop Feedback System","Stabilisation","Completed","High","Product Team","2024-09-01","2024-09-30",100,"Create feedback capture pipeline"
"Agent Safety Layer","Stabilisation","Completed","High","Security Team","2024-09-01","2024-09-30",100,"Implement dry-run and kill-switch controls"
"Cross-Domain Knowledge Fusion","Discovery","Not Started","High","AI Team","2024-11-01","2024-12-15",0,"Build unified ontology and fusion layer"
"Cost Metering & Quotas","Discovery","Not Started","Medium","Infrastructure Team","2024-11-01","2024-12-15",0,"Implement resource tracking and limits"
"UBI Simulation Engine","Discovery","Not Started","Medium","Commerce Team","2024-11-01","2024-12-15",0,"Create economic modeling framework"
"Creative Intelligence Tools","Discovery","Not Started","Medium","Arts Team","2024-11-01","2024-12-15",0,"Develop attribution and originality scoring"
"Load Testing Suite","Measurement","Not Started","Medium","QA Team","2024-12-01","2025-01-15",0,"Implement comprehensive performance testing"
"Security Penetration Testing","Measurement","Not Started","High","Security Team","2024-12-01","2025-01-15",0,"Conduct thorough security audit"
"Compliance Audit Framework","Measurement","Not Started","High","Legal Team","2024-12-01","2025-01-15",0,"Build HIPAA/GDPR compliance verification"
"Deployment Automation","Measurement","Not Started","Medium","DevOps Team","2024-12-01","2025-01-15",0,"Create CI/CD pipeline and auto-deployment"
