id,title,phase,status,priority,owner,start_date,due_date,progress,objective,notes
1,Biomedical Research Search Integration,Execution,Not Started,High,Science Team,2024-10-01,2024-11-15,0,Implement PubMed API integration with peer-review validation,
2,Employment Opportunity Matcher,Execution,Not Started,High,Commerce Team,2024-10-01,2024-11-15,0,Create semantic skill matching algorithm,
3,Artisan Marketplace Connector,Execution,Not Started,High,Commerce Team,2024-10-01,2024-11-15,0,Build MVP connector for creative marketplaces,
4,Privacy Filters Implementation,Execution,Not Started,High,Security Team,2024-10-01,2024-11-15,0,Deploy PII redaction and anonymization,
5,Database Persistence Layer,Execution,Not Started,Medium,Infrastructure Team,2024-10-01,2024-11-15,0,Set up PostgreSQL with data models,
6,Provenance Enforcement Middleware,Stabilisation,Completed,High,Security Team,2024-09-01,2024-09-30,100,Implement mandatory source validation,
7,Human-in-the-Loop Feedback System,Stabilisation,Completed,High,Product Team,2024-09-01,2024-09-30,100,Create feedback capture pipeline,
8,Agent Safety Layer,Stabilisation,Completed,High,Security Team,2024-09-01,2024-09-30,100,Implement dry-run and kill-switch controls,
9,Cross-Domain Knowledge Fusion,Discovery,Not Started,High,AI Team,2024-11-01,2024-12-15,0,Build unified ontology and fusion layer,
10,Cost Metering & Quotas,Discovery,Not Started,Medium,Infrastructure Team,2024-11-01,2024-12-15,0,Implement resource tracking and limits,
11,UBI Simulation Engine,Discovery,Not Started,Medium,Commerce Team,2024-11-01,2024-12-15,0,Create economic modeling framework,
12,Creative Intelligence Tools,Discovery,Not Started,Medium,Arts Team,2024-11-01,2024-12-15,0,Develop attribution and originality scoring,
13,Load Testing Suite,Measurement,Not Started,Medium,QA Team,2024-12-01,2025-01-15,0,Implement comprehensive performance testing,
14,Security Penetration Testing,Measurement,Not Started,High,Security Team,2024-12-01,2025-01-15,0,Conduct thorough security audit,
15,Compliance Audit Framework,Measurement,Not Started,High,Legal Team,2024-12-01,2025-01-15,0,Build HIPAA/GDPR compliance verification,
16,Deployment Automation,Measurement,Not Started,Medium,DevOps Team,2024-12-01,2025-01-15,0,Create CI/CD pipeline and auto-deployment,
